DATE,ALLSKY_SFC_SW_DWN,T2M,RH2M,WS2M,CITY
2025-08-30,4.8814,25.42,86.58,2.5,Hyderabad
2025-08-31,4.4866,24.92,88.86,3.04,Hyderabad
2025-09-01,3.7795,24.97,85.83,3.41,Hyderabad
2025-09-02,3.5054,24.32,88.74,3.44,Hyderabad
2025-09-03,5.0962,23.29,92.37,3.04,Hyderabad
2025-09-04,5.9808,24.58,86.01,3.01,Hyderabad
2025-09-05,5.6714,24.84,85.07,2.68,Hyderabad
2025-09-06,5.5042,25.18,84.61,2.24,Hyderabad
2025-09-07,5.6712,25.0,83.55,2.08,Hyderabad
2025-09-08,5.9206,25.13,82.62,1.86,Hyderabad
2025-09-09,6.0158,25.96,83.35,1.27,Hyderabad
2025-09-10,4.5082,25.79,85.86,1.97,Hyderabad
2025-09-11,2.7766,23.99,91.08,2.72,Hyderabad
2025-09-12,2.4209,23.72,93.35,2.69,Hyderabad
2025-09-13,3.4205,23.15,97.13,2.03,Hyderabad
2025-09-14,5.1158,25.53,88.33,1.6,Hyderabad
2025-09-15,3.6127,25.5,88.38,1.76,Hyderabad
2025-09-16,3.6828,25.7,88.29,1.43,Hyderabad
2025-09-17,4.7657,25.69,88.85,0.81,Hyderabad
2025-09-18,5.161,26.14,86.11,1.07,Hyderabad
2025-09-19,5.5894,26.51,84.24,1.17,Hyderabad
2025-09-20,5.711,26.55,85.37,1.63,Hyderabad
2025-09-21,5.2546,26.08,88.61,1.56,Hyderabad
2025-09-22,4.1458,24.98,93.25,1.74,Hyderabad
2025-09-23,3.4966,24.11,92.0,2.66,Hyderabad
2025-09-24,5.1538,24.11,88.8,3.18,Hyderabad
2025-09-25,1.518,23.5,90.71,4.01,Hyderabad
2025-09-26,2.3794,24.31,92.35,3.17,Hyderabad
2025-09-27,1.8348,23.72,96.14,2.05,Hyderabad
2025-09-28,2.9561,24.06,89.77,3.06,Hyderabad
2025-09-29,4.7527,24.14,87.73,2.57,Hyderabad
2025-09-30,5.3724,24.24,87.33,2.86,Hyderabad
2025-10-01,5.6393,24.19,86.67,2.83,Hyderabad
2025-10-02,2.9604,23.18,91.81,2.83,Hyderabad
2025-10-03,5.1986,23.73,89.97,2.75,Hyderabad
2025-10-04,4.3325,24.27,88.42,2.15,Hyderabad
2025-10-05,4.5571,24.89,87.75,1.49,Hyderabad
2025-10-06,5.5949,24.98,87.6,1.38,Hyderabad
2025-10-07,5.1958,24.53,87.95,1.51,Hyderabad
2025-10-08,5.3597,25.0,85.14,1.07,Hyderabad
2025-10-09,4.9469,24.41,87.25,1.56,Hyderabad
2025-10-10,5.9995,23.74,84.04,1.64,Hyderabad
2025-10-11,5.3719,22.81,84.1,2.09,Hyderabad
2025-10-12,5.9683,23.11,85.89,1.48,Hyderabad
2025-10-13,3.636,23.3,90.29,1.71,Hyderabad
2025-10-14,4.9553,24.2,89.47,1.32,Hyderabad
2025-10-15,5.3765,24.37,88.27,1.85,Hyderabad
2025-10-16,5.8094,24.11,85.07,1.5,Hyderabad
2025-10-17,5.3794,23.71,85.47,1.47,Hyderabad
2025-10-18,5.2418,23.62,84.42,1.29,Hyderabad
2025-10-19,4.5029,23.29,85.19,1.63,Hyderabad
2025-10-20,4.4198,23.93,88.57,1.29,Hyderabad
2025-10-21,4.651,24.36,88.06,1.69,Hyderabad
2025-10-22,4.4395,23.76,91.45,1.78,Hyderabad
2025-10-23,3.743,23.36,96.12,1.86,Hyderabad
2025-10-24,2.6076,23.93,92.89,2.25,Hyderabad
2025-10-25,-999.0,24.16,89.24,1.79,Hyderabad
2025-10-26,-999.0,23.98,87.73,1.45,Hyderabad
2025-10-27,-999.0,-999.0,-999.0,-999.0,Hyderabad
2025-10-28,-999.0,-999.0,-999.0,-999.0,Hyderabad
2025-10-29,-999.0,-999.0,-999.0,-999.0,Hyderabad
2025-08-30,3.1493,26.36,91.58,2.56,Mumbai
2025-08-31,2.5951,26.32,91.56,3.07,Mumbai
2025-09-01,2.7012,24.9,94.33,2.39,Mumbai
2025-09-02,4.1882,25.34,93.33,2.07,Mumbai
2025-09-03,4.823,25.47,92.51,2.04,Mumbai
2025-09-04,1.3699,24.84,94.12,1.73,Mumbai
2025-09-05,1.909,24.83,94.36,1.74,Mumbai
2025-09-06,0.7423,25.02,93.87,1.94,Mumbai
2025-09-07,3.5822,25.13,92.38,2.21,Mumbai
2025-09-08,4.9351,25.44,90.25,1.71,Mumbai
2025-09-09,5.4972,25.52,87.44,1.17,Mumbai
2025-09-10,5.4072,25.82,84.52,0.91,Mumbai
2025-09-11,5.677,25.85,84.85,0.99,Mumbai
2025-09-12,4.0231,25.9,86.16,1.17,Mumbai
2025-09-13,2.5649,25.49,89.79,1.06,Mumbai
2025-09-14,2.2843,25.42,93.05,1.26,Mumbai
2025-09-15,0.6276,24.78,96.2,1.45,Mumbai
2025-09-16,3.2885,25.18,93.98,1.03,Mumbai
2025-09-17,3.8602,25.74,90.98,0.91,Mumbai
2025-09-18,4.1222,25.81,90.89,1.02,Mumbai
2025-09-19,3.0514,25.77,91.27,1.13,Mumbai
2025-09-20,4.4381,25.72,90.75,1.23,Mumbai
2025-09-21,3.1666,25.98,90.59,1.24,Mumbai
2025-09-22,1.543,25.53,92.16,1.25,Mumbai
2025-09-23,3.5155,24.95,92.91,1.15,Mumbai
2025-09-24,4.6553,25.74,86.44,1.18,Mumbai
2025-09-25,5.3549,25.47,87.47,1.1,Mumbai
2025-09-26,4.0025,25.93,86.72,1.02,Mumbai
2025-09-27,4.7988,25.52,92.68,1.54,Mumbai
2025-09-28,0.3058,24.37,96.43,2.94,Mumbai
2025-09-29,3.1008,24.38,91.26,2.78,Mumbai
2025-09-30,4.5499,24.95,89.02,2.13,Mumbai
2025-10-01,5.393,25.08,89.97,2.08,Mumbai
2025-10-02,4.2607,24.94,90.14,1.82,Mumbai
2025-10-03,5.1274,25.39,88.75,1.48,Mumbai
2025-10-04,5.485,25.48,89.02,1.28,Mumbai
2025-10-05,5.2078,25.39,87.67,1.22,Mumbai
2025-10-06,5.701,25.14,86.94,1.31,Mumbai
2025-10-07,4.7741,25.2,88.08,1.14,Mumbai
2025-10-08,5.735,25.65,85.2,1.07,Mumbai
2025-10-09,5.7288,25.74,83.05,1.04,Mumbai
2025-10-10,5.8322,25.7,80.48,1.07,Mumbai
2025-10-11,5.7324,25.38,79.62,1.17,Mumbai
2025-10-12,5.8435,25.44,79.25,1.09,Mumbai
2025-10-13,5.8627,25.26,77.69,1.23,Mumbai
2025-10-14,5.7782,24.73,77.95,1.21,Mumbai
2025-10-15,5.0234,25.62,82.31,1.23,Mumbai
2025-10-16,5.4497,27.02,84.61,1.08,Mumbai
2025-10-17,5.4437,27.19,82.71,1.34,Mumbai
2025-10-18,5.4569,26.72,80.11,1.2,Mumbai
2025-10-19,5.2198,26.43,80.56,1.22,Mumbai
2025-10-20,5.2152,26.11,80.77,1.42,Mumbai
2025-10-21,5.2236,26.15,83.38,1.27,Mumbai
2025-10-22,5.0894,26.81,84.73,1.19,Mumbai
2025-10-23,5.2289,27.13,84.1,1.35,Mumbai
2025-10-24,4.4237,27.52,84.22,1.15,Mumbai
2025-10-25,-999.0,26.04,89.09,1.32,Mumbai
2025-10-26,-999.0,25.88,90.01,1.07,Mumbai
2025-10-27,-999.0,-999.0,-999.0,-999.0,Mumbai
2025-10-28,-999.0,-999.0,-999.0,-999.0,Mumbai
2025-10-29,-999.0,-999.0,-999.0,-999.0,Mumbai
2025-08-30,5.0477,27.84,89.03,2.14,Delhi
2025-08-31,1.9044,27.23,92.43,2.0,Delhi
2025-09-01,2.3976,25.6,97.09,3.15,Delhi
2025-09-02,1.8108,26.0,93.25,3.05,Delhi
2025-09-03,0.7898,27.42,89.39,1.58,Delhi
2025-09-04,4.6627,28.34,85.97,1.26,Delhi
2025-09-05,4.6193,27.82,86.63,2.55,Delhi
2025-09-06,4.7592,28.22,86.61,2.58,Delhi
2025-09-07,3.6082,28.2,86.53,1.83,Delhi
2025-09-08,5.154,28.17,84.7,1.2,Delhi
2025-09-09,5.5145,28.43,82.08,1.61,Delhi
2025-09-10,5.5838,28.25,79.88,2.87,Delhi
2025-09-11,5.4521,27.76,77.51,2.41,Delhi
2025-09-12,5.2481,28.16,76.85,1.81,Delhi
2025-09-13,4.7698,29.01,75.46,1.05,Delhi
2025-09-14,3.7493,29.38,76.08,1.18,Delhi
2025-09-15,5.6882,29.24,76.86,1.37,Delhi
2025-09-16,5.3407,29.04,80.15,1.07,Delhi
2025-09-17,4.5468,28.36,84.88,1.13,Delhi
2025-09-18,4.2142,28.5,83.51,0.75,Delhi
2025-09-19,4.5845,28.8,82.89,1.0,Delhi
2025-09-20,5.4389,28.62,78.63,1.55,Delhi
2025-09-21,5.5649,28.25,74.37,1.67,Delhi
2025-09-22,5.5764,27.71,70.78,1.81,Delhi
2025-09-23,5.6177,27.43,70.43,1.94,Delhi
2025-09-24,5.6333,27.47,68.43,1.97,Delhi
2025-09-25,5.5745,27.58,70.7,1.7,Delhi
2025-09-26,5.6018,28.0,70.91,1.65,Delhi
2025-09-27,5.1607,29.14,73.96,0.82,Delhi
2025-09-28,5.1134,29.41,75.1,1.72,Delhi
2025-09-29,4.9291,29.11,76.76,1.27,Delhi
2025-09-30,0.4075,26.46,86.71,1.08,Delhi
2025-10-01,4.7861,26.44,83.67,0.7,Delhi
2025-10-02,4.0973,27.03,82.55,1.17,Delhi
2025-10-03,4.6411,26.82,84.01,1.19,Delhi
2025-10-04,5.0729,26.9,78.81,1.48,Delhi
2025-10-05,5.1444,27.51,71.51,1.08,Delhi
2025-10-06,0.8158,24.28,85.24,1.12,Delhi
2025-10-07,4.3673,23.49,88.1,1.7,Delhi
2025-10-08,3.9521,23.48,79.99,0.83,Delhi
2025-10-09,4.8833,23.0,74.33,1.48,Delhi
2025-10-10,5.0654,23.68,63.38,0.99,Delhi
2025-10-11,4.7678,23.68,61.14,0.8,Delhi
2025-10-12,5.0213,24.14,65.65,1.19,Delhi
2025-10-13,5.0172,24.78,57.95,0.78,Delhi
2025-10-14,5.0042,24.7,53.38,0.75,Delhi
2025-10-15,4.9438,24.72,53.46,0.85,Delhi
2025-10-16,4.9406,25.12,51.23,0.74,Delhi
2025-10-17,4.8336,25.99,49.36,0.5,Delhi
2025-10-18,4.734,25.92,51.84,0.66,Delhi
2025-10-19,4.6488,25.61,54.26,0.81,Delhi
2025-10-20,4.4086,25.43,54.37,1.08,Delhi
2025-10-21,3.449,25.79,58.09,0.75,Delhi
2025-10-22,4.4642,26.48,57.81,0.64,Delhi
2025-10-23,4.5902,25.95,52.75,0.76,Delhi
2025-10-24,4.541,25.48,44.7,0.58,Delhi
2025-10-25,-999.0,24.55,45.47,0.86,Delhi
2025-10-26,-999.0,24.88,42.29,0.73,Delhi
2025-10-27,-999.0,-999.0,-999.0,-999.0,Delhi
2025-10-28,-999.0,-999.0,-999.0,-999.0,Delhi
2025-10-29,-999.0,-999.0,-999.0,-999.0,Delhi
2025-08-30,6.2035,29.37,73.78,2.31,Chennai
2025-08-31,2.9016,29.12,75.18,2.25,Chennai
2025-09-01,2.8445,28.47,78.38,2.33,Chennai
2025-09-02,3.5983,28.14,78.12,2.21,Chennai
2025-09-03,4.6373,27.81,80.72,2.87,Chennai
2025-09-04,5.3729,28.06,80.06,2.37,Chennai
2025-09-05,6.4495,28.2,79.32,1.96,Chennai
2025-09-06,6.3691,29.02,76.73,1.89,Chennai
2025-09-07,6.0984,28.97,77.05,1.97,Chennai
2025-09-08,6.0898,28.65,77.19,1.95,Chennai
2025-09-09,5.9054,28.78,78.97,2.03,Chennai
2025-09-10,5.7696,28.9,78.56,2.68,Chennai
2025-09-11,4.572,28.84,76.99,1.82,Chennai
2025-09-12,3.1138,27.99,80.32,1.53,Chennai
2025-09-13,1.4278,27.47,81.58,1.64,Chennai
2025-09-14,6.0286,28.33,79.55,1.85,Chennai
2025-09-15,5.9938,28.44,79.68,2.26,Chennai
2025-09-16,5.2879,28.09,80.24,1.87,Chennai
2025-09-17,6.0432,28.32,81.19,2.27,Chennai
2025-09-18,5.975,28.29,81.56,1.96,Chennai
2025-09-19,3.3274,28.24,80.82,1.93,Chennai
2025-09-20,1.8077,27.87,80.88,2.4,Chennai
2025-09-21,3.2388,28.46,78.64,2.09,Chennai
2025-09-22,2.4559,27.72,82.38,2.2,Chennai
2025-09-23,4.6234,27.25,83.74,2.38,Chennai
2025-09-24,5.1967,26.72,80.77,2.39,Chennai
2025-09-25,5.7802,28.01,75.84,2.79,Chennai
2025-09-26,3.9396,27.55,77.89,2.92,Chennai
2025-09-27,5.0606,27.66,76.81,3.22,Chennai
2025-09-28,5.4691,28.36,77.44,2.63,Chennai
2025-09-29,2.4142,28.41,76.42,2.15,Chennai
2025-09-30,4.3363,27.69,75.25,2.13,Chennai
2025-10-01,1.985,27.32,77.29,1.93,Chennai
2025-10-02,3.204,27.9,78.73,2.21,Chennai
2025-10-03,5.2253,28.53,77.57,1.82,Chennai
2025-10-04,6.2791,28.92,76.17,1.73,Chennai
2025-10-05,5.8042,28.38,76.79,1.89,Chennai
2025-10-06,6.1649,28.49,76.06,1.53,Chennai
2025-10-07,6.1022,28.52,77.01,1.13,Chennai
2025-10-08,5.5786,28.12,80.8,1.82,Chennai
2025-10-09,5.6938,28.01,81.05,1.96,Chennai
2025-10-10,5.9326,28.09,79.04,1.56,Chennai
2025-10-11,5.7506,27.96,78.08,1.58,Chennai
2025-10-12,5.2949,27.71,80.27,1.31,Chennai
2025-10-13,5.2354,27.88,79.92,1.58,Chennai
2025-10-14,5.8615,27.95,78.11,1.73,Chennai
2025-10-15,2.5838,26.93,84.53,2.33,Chennai
2025-10-16,5.3131,27.65,83.13,2.13,Chennai
2025-10-17,3.9698,27.88,84.74,2.09,Chennai
2025-10-18,2.3892,27.96,83.6,1.66,Chennai
2025-10-19,1.9759,27.43,83.16,1.53,Chennai
2025-10-20,2.5433,27.4,84.21,2.35,Chennai
2025-10-21,0.7601,27.55,86.65,2.98,Chennai
2025-10-22,2.8289,27.59,86.28,2.7,Chennai
2025-10-23,4.8144,27.87,83.69,1.94,Chennai
2025-10-24,1.1338,27.08,84.96,1.21,Chennai
2025-10-25,-999.0,26.95,83.01,1.48,Chennai
2025-10-26,-999.0,26.84,84.39,1.75,Chennai
2025-10-27,-999.0,-999.0,-999.0,-999.0,Chennai
2025-10-28,-999.0,-999.0,-999.0,-999.0,Chennai
2025-10-29,-999.0,-999.0,-999.0,-999.0,Chennai
2025-08-30,4.7371,23.35,81.06,3.47,Bengaluru
2025-08-31,3.1361,23.79,80.88,3.45,Bengaluru
2025-09-01,3.6761,22.29,86.37,3.58,Bengaluru
2025-09-02,4.302,22.0,86.77,3.59,Bengaluru
2025-09-03,3.3233,22.26,88.03,3.23,Bengaluru
2025-09-04,5.0935,22.49,87.52,2.54,Bengaluru
2025-09-05,3.5762,22.39,88.87,2.09,Bengaluru
2025-09-06,4.5617,23.0,85.66,2.23,Bengaluru
2025-09-07,5.2738,22.94,86.11,2.16,Bengaluru
2025-09-08,5.8658,23.05,85.23,1.7,Bengaluru
2025-09-09,4.5624,23.55,83.92,0.72,Bengaluru
2025-09-10,5.052,23.71,86.91,0.8,Bengaluru
2025-09-11,3.6084,23.07,86.99,1.82,Bengaluru
2025-09-12,5.5313,21.22,93.74,1.73,Bengaluru
2025-09-13,3.8537,22.44,88.9,1.37,Bengaluru
2025-09-14,5.9806,22.55,89.63,1.51,Bengaluru
2025-09-15,4.7436,22.81,87.9,1.85,Bengaluru
2025-09-16,3.5686,22.62,89.56,1.45,Bengaluru
2025-09-17,4.8048,22.53,90.87,1.4,Bengaluru
2025-09-18,5.5116,23.04,88.35,2.1,Bengaluru
2025-09-19,3.337,21.79,92.3,1.65,Bengaluru
2025-09-20,4.583,22.5,89.75,2.33,Bengaluru
2025-09-21,4.6428,22.35,90.27,2.08,Bengaluru
2025-09-22,5.0172,22.36,89.56,2.34,Bengaluru
2025-09-23,3.7646,22.12,88.81,2.69,Bengaluru
2025-09-24,3.8153,22.1,87.15,2.66,Bengaluru
2025-09-25,5.3141,22.13,88.36,2.74,Bengaluru
2025-09-26,4.6409,21.8,88.3,3.36,Bengaluru
2025-09-27,4.0975,21.05,91.52,3.62,Bengaluru
2025-09-28,4.7052,21.96,88.26,3.42,Bengaluru
2025-09-29,5.1518,21.83,86.89,3.17,Bengaluru
2025-09-30,5.6006,21.55,88.66,2.56,Bengaluru
2025-10-01,4.447,21.9,88.33,2.19,Bengaluru
2025-10-02,4.0462,22.36,88.19,2.39,Bengaluru
2025-10-03,5.8805,22.76,87.46,1.5,Bengaluru
2025-10-04,4.541,22.99,87.07,1.31,Bengaluru
2025-10-05,5.7101,23.24,86.21,1.27,Bengaluru
2025-10-06,5.5116,22.94,86.84,1.38,Bengaluru
2025-10-07,5.4972,22.91,87.81,1.26,Bengaluru
2025-10-08,4.6291,23.29,86.75,0.89,Bengaluru
2025-10-09,5.8529,23.48,85.56,0.71,Bengaluru
2025-10-10,5.7715,22.36,91.26,1.32,Bengaluru
2025-10-11,5.3635,22.67,88.52,1.3,Bengaluru
2025-10-12,6.2602,22.77,88.01,1.21,Bengaluru
2025-10-13,5.8531,23.11,87.75,1.49,Bengaluru
2025-10-14,4.7191,22.85,88.17,1.72,Bengaluru
2025-10-15,3.3139,22.18,89.8,1.88,Bengaluru
2025-10-16,4.3126,22.42,91.18,2.2,Bengaluru
2025-10-17,4.4362,23.25,89.53,2.35,Bengaluru
2025-10-18,3.7195,23.34,90.72,1.72,Bengaluru
2025-10-19,5.0753,23.28,89.28,2.01,Bengaluru
2025-10-20,4.1573,22.34,90.5,2.04,Bengaluru
2025-10-21,1.9714,22.44,91.89,2.16,Bengaluru
2025-10-22,1.944,22.39,94.01,2.39,Bengaluru
2025-10-23,3.6209,22.64,90.85,1.74,Bengaluru
2025-10-24,3.5609,21.65,90.96,1.34,Bengaluru
2025-10-25,-999.0,22.32,88.18,1.21,Bengaluru
2025-10-26,-999.0,22.44,86.63,1.16,Bengaluru
2025-10-27,-999.0,-999.0,-999.0,-999.0,Bengaluru
2025-10-28,-999.0,-999.0,-999.0,-999.0,Bengaluru
2025-10-29,-999.0,-999.0,-999.0,-999.0,Bengaluru
2025-08-30,2.9789,27.92,89.42,1.67,Kolkata
2025-08-31,5.6863,28.73,84.99,1.07,Kolkata
2025-09-01,3.9302,29.01,86.24,0.84,Kolkata
2025-09-02,3.4255,27.81,91.15,2.29,Kolkata
2025-09-03,1.8684,27.46,91.98,3.36,Kolkata
2025-09-04,4.147,27.43,92.55,2.15,Kolkata
2025-09-05,5.5135,27.99,90.72,1.77,Kolkata
2025-09-06,5.8207,28.31,87.84,1.47,Kolkata
2025-09-07,5.6993,28.24,86.16,1.25,Kolkata
2025-09-08,5.7955,28.16,86.46,1.39,Kolkata
2025-09-09,5.4547,28.26,86.25,1.16,Kolkata
2025-09-10,5.1965,28.67,85.96,1.46,Kolkata
2025-09-11,3.913,28.89,85.08,0.73,Kolkata
2025-09-12,3.5402,28.66,86.75,1.11,Kolkata
2025-09-13,3.8112,26.79,94.31,1.36,Kolkata
2025-09-14,1.6147,27.24,91.74,1.37,Kolkata
2025-09-15,3.7073,27.08,93.32,1.37,Kolkata
2025-09-16,3.8256,27.18,93.08,2.08,Kolkata
2025-09-17,3.768,27.7,89.88,2.11,Kolkata
2025-09-18,5.412,28.32,88.32,1.78,Kolkata
2025-09-19,4.5456,28.9,88.29,1.21,Kolkata
2025-09-20,0.469,29.28,86.79,0.75,Kolkata
2025-09-21,4.7736,29.26,84.56,0.77,Kolkata
2025-09-22,2.316,28.59,88.07,1.01,Kolkata
2025-09-23,3.3278,26.67,96.41,0.98,Kolkata
2025-09-24,4.7604,28.33,89.25,1.51,Kolkata
2025-09-25,5.401,29.09,87.21,0.94,Kolkata
2025-09-26,4.4107,28.71,89.48,2.32,Kolkata
2025-09-27,4.7458,27.99,90.55,2.65,Kolkata
2025-09-28,5.0998,28.24,88.78,1.51,Kolkata
2025-09-29,5.1883,28.92,83.9,0.67,Kolkata
2025-09-30,5.0482,29.5,84.13,0.86,Kolkata
2025-10-01,4.121,29.2,86.27,1.06,Kolkata
2025-10-02,0.701,27.71,91.64,2.41,Kolkata
2025-10-03,2.0491,27.43,92.24,2.86,Kolkata
2025-10-04,3.0941,27.78,91.62,2.97,Kolkata
2025-10-05,2.7257,28.11,90.31,1.72,Kolkata
2025-10-06,2.4396,27.92,87.34,0.9,Kolkata
2025-10-07,3.5138,27.68,85.21,0.88,Kolkata
2025-10-08,4.0015,27.66,84.97,0.72,Kolkata
2025-10-09,4.4633,27.61,84.17,1.13,Kolkata
2025-10-10,3.5851,26.95,89.25,1.62,Kolkata
2025-10-11,4.7594,26.2,87.5,1.7,Kolkata
2025-10-12,5.2178,25.79,83.94,1.28,Kolkata
2025-10-13,5.3395,25.7,85.6,1.56,Kolkata
2025-10-14,5.4132,25.16,86.74,1.57,Kolkata
2025-10-15,5.2046,24.61,83.94,1.61,Kolkata
2025-10-16,5.1132,24.13,82.79,1.34,Kolkata
2025-10-17,5.2202,24.9,82.22,1.05,Kolkata
2025-10-18,4.8451,25.67,83.4,1.09,Kolkata
2025-10-19,4.6826,26.71,84.84,1.28,Kolkata
2025-10-20,4.7256,26.4,85.38,1.44,Kolkata
2025-10-21,5.1226,25.66,82.9,1.46,Kolkata
2025-10-22,5.1394,25.61,81.91,1.27,Kolkata
2025-10-23,5.027,26.04,80.32,1.07,Kolkata
2025-10-24,4.6447,26.62,75.27,0.82,Kolkata
2025-10-25,-999.0,26.78,76.14,0.97,Kolkata
2025-10-26,-999.0,26.83,78.72,0.96,Kolkata
2025-10-27,-999.0,-999.0,-999.0,-999.0,Kolkata
2025-10-28,-999.0,-999.0,-999.0,-999.0,Kolkata
2025-10-29,-999.0,-999.0,-999.0,-999.0,Kolkata
2025-08-30,3.761,27.82,87.38,1.85,Ahmedabad
2025-08-31,2.6777,27.63,89.02,2.18,Ahmedabad
2025-09-01,3.2398,27.31,89.32,2.25,Ahmedabad
2025-09-02,4.9726,27.53,85.59,1.88,Ahmedabad
2025-09-03,5.3945,28.33,82.39,1.55,Ahmedabad
2025-09-04,1.6248,26.67,91.41,2.27,Ahmedabad
2025-09-05,5.0069,27.52,88.0,2.42,Ahmedabad
2025-09-06,1.039,25.37,96.33,3.26,Ahmedabad
2025-09-07,1.2672,25.39,95.06,3.75,Ahmedabad
2025-09-08,3.1718,26.41,88.94,3.63,Ahmedabad
2025-09-09,4.8967,26.09,89.99,1.88,Ahmedabad
2025-09-10,5.6122,26.64,85.4,1.22,Ahmedabad
2025-09-11,5.8279,26.83,84.04,1.33,Ahmedabad
2025-09-12,5.6141,27.36,78.98,1.01,Ahmedabad
2025-09-13,5.4917,27.63,80.05,1.09,Ahmedabad
2025-09-14,5.5632,28.36,78.03,1.33,Ahmedabad
2025-09-15,5.3102,26.77,84.22,1.71,Ahmedabad
2025-09-16,5.3746,27.96,82.05,1.44,Ahmedabad
2025-09-17,5.4528,28.17,82.38,1.21,Ahmedabad
2025-09-18,5.1732,28.33,83.08,0.96,Ahmedabad
2025-09-19,5.021,28.12,85.2,1.04,Ahmedabad
2025-09-20,4.2422,27.61,86.61,1.42,Ahmedabad
2025-09-21,4.3826,27.55,85.9,1.48,Ahmedabad
2025-09-22,5.0273,27.58,84.41,1.64,Ahmedabad
2025-09-23,4.789,27.13,82.59,1.8,Ahmedabad
2025-09-24,4.6106,27.03,80.35,1.49,Ahmedabad
2025-09-25,4.9836,27.27,80.64,0.91,Ahmedabad
2025-09-26,5.4187,28.01,78.15,1.28,Ahmedabad
2025-09-27,5.0645,28.9,74.24,1.88,Ahmedabad
2025-09-28,3.1963,28.35,79.67,2.29,Ahmedabad
2025-09-29,3.8278,26.96,91.32,3.3,Ahmedabad
2025-09-30,2.7744,26.16,89.85,3.17,Ahmedabad
2025-10-01,3.2986,25.91,89.47,2.62,Ahmedabad
2025-10-02,4.32,26.31,87.66,2.21,Ahmedabad
2025-10-03,5.2073,26.66,87.08,1.56,Ahmedabad
2025-10-04,5.1773,26.84,84.46,1.36,Ahmedabad
2025-10-05,5.1408,26.9,84.02,2.05,Ahmedabad
2025-10-06,4.8552,25.97,86.68,2.02,Ahmedabad
2025-10-07,5.623,25.65,83.59,1.47,Ahmedabad
2025-10-08,5.3059,26.05,70.02,0.56,Ahmedabad
2025-10-09,5.0662,26.47,61.01,0.73,Ahmedabad
2025-10-10,5.0551,25.84,60.81,0.75,Ahmedabad
2025-10-11,5.7583,25.11,60.87,1.05,Ahmedabad
2025-10-12,5.7658,25.38,58.81,0.96,Ahmedabad
2025-10-13,5.7089,25.67,59.27,0.76,Ahmedabad
2025-10-14,5.6774,24.61,64.33,1.38,Ahmedabad
2025-10-15,5.6558,24.51,67.42,1.44,Ahmedabad
2025-10-16,5.5267,25.73,67.84,1.41,Ahmedabad
2025-10-17,5.5265,26.21,64.14,1.35,Ahmedabad
2025-10-18,5.4948,25.67,65.95,1.44,Ahmedabad
2025-10-19,5.4156,25.74,60.08,1.23,Ahmedabad
2025-10-20,5.3249,26.14,62.42,1.27,Ahmedabad
2025-10-21,5.2231,26.54,69.69,1.69,Ahmedabad
2025-10-22,5.2241,26.09,69.72,2.05,Ahmedabad
2025-10-23,5.0357,26.65,73.96,2.27,Ahmedabad
2025-10-24,5.0714,26.99,72.4,2.43,Ahmedabad
2025-10-25,-999.0,26.86,73.95,2.8,Ahmedabad
2025-10-26,-999.0,25.39,84.16,2.61,Ahmedabad
2025-10-27,-999.0,-999.0,-999.0,-999.0,Ahmedabad
2025-10-28,-999.0,-999.0,-999.0,-999.0,Ahmedabad
2025-10-29,-999.0,-999.0,-999.0,-999.0,Ahmedabad
2025-08-30,3.5976,23.88,91.51,3.14,Pune
2025-08-31,2.868,23.66,91.75,3.62,Pune
2025-09-01,3.1678,22.66,95.22,2.55,Pune
2025-09-02,2.8099,23.03,94.67,2.23,Pune
2025-09-03,4.3001,23.09,93.11,2.25,Pune
2025-09-04,3.2395,22.91,94.1,2.41,Pune
2025-09-05,1.9872,22.71,94.31,2.33,Pune
2025-09-06,2.0059,22.92,93.94,2.26,Pune
2025-09-07,1.8986,23.06,92.44,2.19,Pune
2025-09-08,2.9021,23.33,90.94,1.61,Pune
2025-09-09,4.4556,23.37,88.12,1.09,Pune
2025-09-10,4.5418,23.8,86.92,1.19,Pune
2025-09-11,4.6512,23.53,86.92,1.27,Pune
2025-09-12,2.8231,23.07,90.1,1.23,Pune
2025-09-13,2.6854,22.79,92.65,0.94,Pune
2025-09-14,2.9222,23.33,93.69,1.14,Pune
2025-09-15,0.9682,22.72,96.72,1.38,Pune
2025-09-16,1.5446,22.76,95.94,1.16,Pune
2025-09-17,3.7142,23.43,92.34,0.9,Pune
2025-09-18,3.2438,23.44,93.65,1.21,Pune
2025-09-19,2.988,23.43,93.39,1.3,Pune
2025-09-20,3.7207,23.33,92.9,1.41,Pune
2025-09-21,3.7824,23.41,92.91,1.41,Pune
2025-09-22,1.817,23.0,94.13,1.56,Pune
2025-09-23,2.0453,21.91,95.02,1.72,Pune
2025-09-24,4.315,22.74,90.12,1.49,Pune
2025-09-25,4.3663,22.85,90.3,1.28,Pune
2025-09-26,2.1691,23.18,90.28,1.39,Pune
2025-09-27,1.0613,22.79,95.4,1.9,Pune
2025-09-28,0.8621,22.03,97.61,2.87,Pune
2025-09-29,2.8958,21.92,92.89,2.4,Pune
2025-09-30,3.6581,22.29,91.2,1.67,Pune
2025-10-01,4.5979,22.55,91.62,1.47,Pune
2025-10-02,4.1371,22.59,90.23,1.28,Pune
2025-10-03,4.2653,23.27,89.13,1.21,Pune
2025-10-04,4.4914,23.39,88.54,1.15,Pune
2025-10-05,3.6972,23.1,89.64,1.22,Pune
2025-10-06,4.8682,22.95,88.24,1.22,Pune
2025-10-07,5.0009,23.07,88.95,1.07,Pune
2025-10-08,5.0803,23.91,85.14,0.78,Pune
2025-10-09,5.0191,23.54,83.43,0.95,Pune
2025-10-10,5.7624,23.2,80.76,0.94,Pune
2025-10-11,5.7439,22.88,80.63,1.05,Pune
2025-10-12,5.9064,22.73,80.62,1.06,Pune
2025-10-13,5.8966,22.59,79.96,1.18,Pune
2025-10-14,5.7931,22.24,80.28,1.18,Pune
2025-10-15,4.181,23.24,85.28,1.32,Pune
2025-10-16,5.1653,24.35,86.13,1.3,Pune
2025-10-17,5.4725,23.69,85.57,1.54,Pune
2025-10-18,5.3892,23.37,83.09,1.31,Pune
2025-10-19,5.4914,23.11,83.96,1.43,Pune
2025-10-20,5.61,22.7,84.44,1.62,Pune
2025-10-21,4.0121,23.19,88.51,1.47,Pune
2025-10-22,4.4102,24.32,86.59,1.5,Pune
2025-10-23,4.7218,23.86,88.76,1.84,Pune
2025-10-24,3.6473,24.18,89.17,1.71,Pune
2025-10-25,-999.0,23.59,90.97,1.37,Pune
2025-10-26,-999.0,23.85,89.11,1.33,Pune
2025-10-27,-999.0,-999.0,-999.0,-999.0,Pune
2025-10-28,-999.0,-999.0,-999.0,-999.0,Pune
2025-10-29,-999.0,-999.0,-999.0,-999.0,Pune
2025-08-30,5.2596,27.29,89.03,2.07,Jaipur
2025-08-31,4.243,26.84,91.07,1.5,Jaipur
2025-09-01,2.4,25.48,92.49,2.22,Jaipur
2025-09-02,5.2829,27.05,87.09,2.17,Jaipur
2025-09-03,3.959,26.51,88.96,1.25,Jaipur
2025-09-04,4.9644,27.0,86.93,1.74,Jaipur
2025-09-05,2.9959,25.86,91.0,2.89,Jaipur
2025-09-06,4.5799,26.4,90.7,3.21,Jaipur
2025-09-07,5.4223,25.49,89.89,2.86,Jaipur
2025-09-08,4.7642,25.2,88.03,2.03,Jaipur
2025-09-09,6.0086,26.44,83.09,1.34,Jaipur
2025-09-10,5.9614,26.32,79.54,2.47,Jaipur
2025-09-11,5.7382,26.21,80.15,2.46,Jaipur
2025-09-12,5.8118,26.25,79.35,1.66,Jaipur
2025-09-13,5.9208,26.93,77.45,1.35,Jaipur
2025-09-14,5.7115,27.56,75.84,1.52,Jaipur
2025-09-15,5.8538,27.55,76.21,1.68,Jaipur
2025-09-16,4.4126,27.51,75.51,1.38,Jaipur
2025-09-17,5.6004,27.76,77.42,1.36,Jaipur
2025-09-18,5.6143,28.13,76.65,1.29,Jaipur
2025-09-19,3.2786,28.06,75.15,1.17,Jaipur
2025-09-20,5.0294,27.87,74.22,1.25,Jaipur
2025-09-21,5.7737,27.54,72.03,1.67,Jaipur
2025-09-22,5.9062,27.42,70.89,1.62,Jaipur
2025-09-23,5.6453,27.13,71.02,1.86,Jaipur
2025-09-24,5.7665,26.79,72.27,2.05,Jaipur
2025-09-25,5.73,26.99,70.25,1.68,Jaipur
2025-09-26,5.7581,27.45,66.7,1.68,Jaipur
2025-09-27,4.5511,27.75,67.86,1.49,Jaipur
2025-09-28,4.8254,27.76,76.24,2.7,Jaipur
2025-09-29,4.8542,27.54,79.63,2.19,Jaipur
2025-09-30,3.5004,26.21,89.59,1.47,Jaipur
2025-10-01,4.2758,25.63,87.5,0.74,Jaipur
2025-10-02,4.9094,26.38,81.48,0.82,Jaipur
2025-10-03,4.9334,26.06,83.68,1.26,Jaipur
2025-10-04,5.2534,27.08,76.05,1.16,Jaipur
2025-10-05,5.0959,26.25,76.0,1.97,Jaipur
2025-10-06,2.3453,23.89,88.16,1.43,Jaipur
2025-10-07,4.938,23.5,82.92,1.71,Jaipur
2025-10-08,5.2123,22.45,73.87,1.44,Jaipur
2025-10-09,5.4593,23.12,60.82,1.15,Jaipur
2025-10-10,5.3983,23.25,55.35,1.05,Jaipur
2025-10-11,5.3846,23.43,55.77,1.38,Jaipur
2025-10-12,5.3429,23.93,54.2,1.05,Jaipur
2025-10-13,5.3422,24.63,49.26,0.58,Jaipur
2025-10-14,5.3186,23.75,54.12,1.09,Jaipur
2025-10-15,5.2582,22.86,60.18,1.15,Jaipur
2025-10-16,5.1953,23.79,57.1,0.9,Jaipur
2025-10-17,5.1665,24.15,52.61,0.59,Jaipur
2025-10-18,5.1401,23.76,54.84,1.0,Jaipur
2025-10-19,5.1005,23.35,56.03,1.42,Jaipur
2025-10-20,4.9997,23.43,56.63,1.41,Jaipur
2025-10-21,4.9241,24.54,56.83,0.79,Jaipur
2025-10-22,4.7234,25.31,53.15,0.94,Jaipur
2025-10-23,4.957,24.12,48.11,1.06,Jaipur
2025-10-24,4.9303,24.45,45.0,0.73,Jaipur
2025-10-25,-999.0,24.36,46.65,0.75,Jaipur
2025-10-26,-999.0,22.78,61.69,1.49,Jaipur
2025-10-27,-999.0,-999.0,-999.0,-999.0,Jaipur
2025-10-28,-999.0,-999.0,-999.0,-999.0,Jaipur
2025-10-29,-999.0,-999.0,-999.0,-999.0,Jaipur
